Image File,Audio File
IMG_20141015_203256,silence.mp3
01_PaulRejointSesAmisAuParcTousLesJours.jpg,silence.mp3
02_DaphneeLitUneHistoireChaqueJour.jpg,silence.mp3
03_AvionAtteritTousLesJours.jpg,silence.mp3
04_CarlTrouveToujoursSesLunettes.jpg,silence.mp3
23_LeGarconBoitUnVerreDEau.jpg,silence.mp3
17_CatherineFinitToujoursSesDessins.jpg,silence.mp3
11_MarieCacheToujoursSesPoupees.jpg,silence.mp3
05_JoelleCouvreSaTete.jpg,silence.mp3
18_MadameJulieEcritAuTableau.jpg,silence.mp3
12_DerekDonneUnCalinASaMaman.jpg,silence.mp3
06_NathanPeintATousLesJours.jpg,silence.mp3
24_JulesAimeEntendreLeSifflementDuTrainV2.jpg,silence.mp3
07_LeProprietaireOuvreLesPortesDeSonMagasin.jpg,silence.mp3
25_ThalieTientBienLeBallon.jpg,silence.mp3
19_NoemieSentToujoursLesFleurs.jpg,silence.mp3
08_LesMoustiquesMeurentToujours.jpg,silence.mp3
26_TigrouMordToujoursSaBalle.jpg,silence.mp3
20_ZackRemplitToujoursLeBain.jpg,silence.mp3
14_TommyChanteUneChansonTousLesJours.jpg,silence.mp3
15_SamuelVaCasserLesNoix.jpg,silence.mp3
27_XavierPerdToujoursSesChoses.jpg,silence.mp3
21_IsabelleConduitSaVoitureTousLesJours.jpg,silence.mp3
09_OnEteintToujoursLesLumieresAvantDeQuitterV2.jpg,silence.mp3
28_PierreBatToujoursSonFrereAuxEchecs.jpg,silence.mp3
22_OlivierRitPresqueToutLeTemps.jpg,silence.mp3
10_JulieDefaitSesValises.jpg,silence.mp3
16_LeylaJoueAvecSesAmies.jpg,silence.mp3
13_MireilleDanseTousLesJours.jpg,silence.mp3
IMG_20141015_203034,silence.mp3